"rep","method","cor","rmse","slope_bias","intercept_bias","sign_acc","ok","message","scenario","hrf_regime","ar_regime","isi_regime","amp_regime","cell","oasis_variant"
1,"st_default",0.343147750664957,0.899831979938982,-0.95935163423272,-0.00609055683721873,0.592592592592593,TRUE,NA,"h1_r1_c1__hrf_nominal__ar_iid__isi_dense__amp_none","nominal","ar_iid","isi_dense","amp_none","h1_r1_c1",NA
1,"fmrilss_lss",0.328039492382633,2.15097531273994,-0.185927179284731,-0.0023802664674898,0.606481481481482,TRUE,NA,"h1_r1_c1__hrf_nominal__ar_iid__isi_dense__amp_none","nominal","ar_iid","isi_dense","amp_none","h1_r1_c1",NA
1,"fmrilss_sbhm",0.185002386234927,2.18271050716197,-0.544995393708749,-0.0279884264256656,0.553240740740741,TRUE,NA,"h1_r1_c1__hrf_nominal__ar_iid__isi_dense__amp_none","nominal","ar_iid","isi_dense","amp_none","h1_r1_c1",NA
1,"fmrilss_oasis_best",0.131105315161624,2.86483431889509,-0.590652761678602,0.000267126816546438,0.532407407407407,TRUE,NA,"h1_r1_c1__hrf_nominal__ar_iid__isi_dense__amp_none","nominal","ar_iid","isi_dense","amp_none","h1_r1_c1","fmrilss_oasis[absolute|x=0.05|b=0.05]"
1,"st_default",0.361602366143154,1.06973889810015,-0.937839326386804,-0.00103206986199782,0.601851851851852,TRUE,NA,"h1_r1_c2__hrf_nominal__ar_iid__isi_mid__amp_mod","nominal","ar_iid","isi_mid","amp_mod","h1_r1_c2",NA
1,"fmrilss_lss",0.345372557751866,2.48994229270401,-0.152912817395014,0.0126217902717265,0.604166666666667,TRUE,NA,"h1_r1_c2__hrf_nominal__ar_iid__isi_mid__amp_mod","nominal","ar_iid","isi_mid","amp_mod","h1_r1_c2",NA
1,"fmrilss_sbhm",0.106324777308576,3.34063275922473,-0.736449683904847,0.0239298914953496,0.548611111111111,TRUE,NA,"h1_r1_c2__hrf_nominal__ar_iid__isi_mid__amp_mod","nominal","ar_iid","isi_mid","amp_mod","h1_r1_c2",NA
1,"fmrilss_oasis_best",0.345780339109971,2.44462168470016,-0.168136021881619,0.00955067784668976,0.608796296296296,TRUE,NA,"h1_r1_c2__hrf_nominal__ar_iid__isi_mid__amp_mod","nominal","ar_iid","isi_mid","amp_mod","h1_r1_c2","fmrilss_oasis[fractional|x=0.01|b=0.05]"
1,"st_default",0.610350765630497,1.03428422361358,-0.840589129499472,0.00374716203630098,0.652777777777778,TRUE,NA,"h1_r1_c3__hrf_nominal__ar_iid__isi_sparse__amp_high","nominal","ar_iid","isi_sparse","amp_high","h1_r1_c3",NA
1,"fmrilss_lss",0.513700226908821,2.14077143578862,0.0520486081078377,-0.135602576574072,0.648148148148148,TRUE,NA,"h1_r1_c3__hrf_nominal__ar_iid__isi_sparse__amp_high","nominal","ar_iid","isi_sparse","amp_high","h1_r1_c3",NA
1,"fmrilss_sbhm",0.266970319235908,3.70860337156581,-0.378931037758801,-0.190946563996037,0.599537037037037,TRUE,NA,"h1_r1_c3__hrf_nominal__ar_iid__isi_sparse__amp_high","nominal","ar_iid","isi_sparse","amp_high","h1_r1_c3",NA
1,"fmrilss_oasis_best",0.515141611928516,2.01682856848325,-0.00407750931262818,-0.12907919282039,0.645833333333333,TRUE,NA,"h1_r1_c3__hrf_nominal__ar_iid__isi_sparse__amp_high","nominal","ar_iid","isi_sparse","amp_high","h1_r1_c3","fmrilss_oasis[fractional|x=0.05|b=0.05]"
1,"st_default",0.326128439840009,0.976608275958996,-0.934344324577594,-0.0116043365774554,0.643518518518518,TRUE,NA,"h1_r2_c1__hrf_nominal__ar_mod__isi_dense__amp_mod","nominal","ar_mod","isi_dense","amp_mod","h1_r2_c1",NA
1,"fmrilss_lss",0.307961165627263,3.15928051901174,-0.0105305310332595,0.040508346303204,0.585648148148148,TRUE,NA,"h1_r2_c1__hrf_nominal__ar_mod__isi_dense__amp_mod","nominal","ar_mod","isi_dense","amp_mod","h1_r2_c1",NA
1,"fmrilss_sbhm",0.11866447084028,3.0279221869305,-0.629742693854204,-0.0543797446440883,0.532407407407407,TRUE,NA,"h1_r2_c1__hrf_nominal__ar_mod__isi_dense__amp_mod","nominal","ar_mod","isi_dense","amp_mod","h1_r2_c1",NA
1,"fmrilss_oasis_best",0.208176762197537,3.744579243534,-0.226455217132789,0.0238126518666729,0.548611111111111,TRUE,NA,"h1_r2_c1__hrf_nominal__ar_mod__isi_dense__amp_mod","nominal","ar_mod","isi_dense","amp_mod","h1_r2_c1","fmrilss_oasis[absolute|x=0.05|b=0.05]"
1,"st_default",0.359406559096465,1.0195337596355,-0.959953877842827,0.00990753447855955,0.62037037037037,TRUE,NA,"h1_r2_c2__hrf_nominal__ar_mod__isi_mid__amp_high","nominal","ar_mod","isi_mid","amp_high","h1_r2_c2",NA
1,"fmrilss_lss",0.353124005326488,2.73736219034453,-0.0199205074690981,-0.0192551760455486,0.599537037037037,TRUE,NA,"h1_r2_c2__hrf_nominal__ar_mod__isi_mid__amp_high","nominal","ar_mod","isi_mid","amp_high","h1_r2_c2",NA
1,"fmrilss_sbhm",0.202232494521777,2.56208752240506,-0.456308266249208,0.0107857628797459,0.585648148148148,TRUE,NA,"h1_r2_c2__hrf_nominal__ar_mod__isi_mid__amp_high","nominal","ar_mod","isi_mid","amp_high","h1_r2_c2",NA
1,"fmrilss_oasis_best",0.193248080976212,2.89664425116971,-0.468685404572074,-0.0179415247277336,0.597222222222222,TRUE,NA,"h1_r2_c2__hrf_nominal__ar_mod__isi_mid__amp_high","nominal","ar_mod","isi_mid","amp_high","h1_r2_c2","fmrilss_oasis[fractional|x=0.05|b=0.05]"
1,"st_default",0.417183597463893,0.917406645431376,-0.751007033311959,0.0318055833676018,0.62962962962963,TRUE,NA,"h1_r2_c3__hrf_nominal__ar_mod__isi_sparse__amp_none","nominal","ar_mod","isi_sparse","amp_none","h1_r2_c3",NA
1,"fmrilss_lss",0.402879631788337,2.44618721656182,0.084654312382763,0.0826253009347374,0.601851851851852,TRUE,NA,"h1_r2_c3__hrf_nominal__ar_mod__isi_sparse__amp_none","nominal","ar_mod","isi_sparse","amp_none","h1_r2_c3",NA
1,"fmrilss_sbhm",0.293468838133626,2.53083679837259,-0.18480174674367,0.0131817689006936,0.608796296296296,TRUE,NA,"h1_r2_c3__hrf_nominal__ar_mod__isi_sparse__amp_none","nominal","ar_mod","isi_sparse","amp_none","h1_r2_c3",NA
1,"fmrilss_oasis_best",0.403659462616603,2.30728045164606,0.0265124167214795,0.0860996334426421,0.601851851851852,TRUE,NA,"h1_r2_c3__hrf_nominal__ar_mod__isi_sparse__amp_none","nominal","ar_mod","isi_sparse","amp_none","h1_r2_c3","fmrilss_oasis[fractional|x=0.05|b=0.05]"
1,"st_default",0.380854110850487,1.16723957275456,-0.940577503212527,-0.0150742900891503,0.618055555555556,TRUE,NA,"h1_r3_c1__hrf_nominal__ar_high__isi_dense__amp_high","nominal","ar_high","isi_dense","amp_high","h1_r3_c1",NA
1,"fmrilss_lss",0.331313809403688,3.72634519576671,0.0709529391108941,-0.00421139696675364,0.594907407407407,TRUE,NA,"h1_r3_c1__hrf_nominal__ar_high__isi_dense__amp_high","nominal","ar_high","isi_dense","amp_high","h1_r3_c1",NA
1,"fmrilss_sbhm",0.25624403989052,3.70888453724336,-0.167829920012394,-0.0660556219757683,0.56712962962963,TRUE,NA,"h1_r3_c1__hrf_nominal__ar_high__isi_dense__amp_high","nominal","ar_high","isi_dense","amp_high","h1_r3_c1",NA
1,"fmrilss_oasis_best",0.199816303569077,4.20574645482272,-0.304250952279469,-0.0048859823120869,0.5625,TRUE,NA,"h1_r3_c1__hrf_nominal__ar_high__isi_dense__amp_high","nominal","ar_high","isi_dense","amp_high","h1_r3_c1","fmrilss_oasis[fractional|x=0.05|b=0.05]"
1,"st_default",0.320118763669386,1.00779494919043,-0.964607041075611,0.00655277435257546,0.606481481481482,TRUE,NA,"h1_r3_c2__hrf_nominal__ar_high__isi_mid__amp_none","nominal","ar_high","isi_mid","amp_none","h1_r3_c2",NA
1,"fmrilss_lss",0.292410885753603,2.78146835568539,-0.16126854299329,0.058726841060117,0.604166666666667,TRUE,NA,"h1_r3_c2__hrf_nominal__ar_high__isi_mid__amp_none","nominal","ar_high","isi_mid","amp_none","h1_r3_c2",NA
1,"fmrilss_sbhm",0.106819432190254,2.96556486189312,-0.697343162792096,0.152444680866116,0.537037037037037,TRUE,NA,"h1_r3_c2__hrf_nominal__ar_high__isi_mid__amp_none","nominal","ar_high","isi_mid","amp_none","h1_r3_c2",NA
1,"fmrilss_oasis_best",0.186404422388281,3.10536997319579,-0.364593930771522,0.0659973774684388,0.553240740740741,TRUE,NA,"h1_r3_c2__hrf_nominal__ar_high__isi_mid__amp_none","nominal","ar_high","isi_mid","amp_none","h1_r3_c2","fmrilss_oasis[absolute|x=0.05|b=0.05]"
1,"st_default",0.291151600537481,0.959222669090294,-0.864593431374158,0.0385177134800237,0.606481481481482,TRUE,NA,"h1_r3_c3__hrf_nominal__ar_high__isi_sparse__amp_mod","nominal","ar_high","isi_sparse","amp_mod","h1_r3_c3",NA
1,"fmrilss_lss",0.252425320378726,2.71489221045867,-0.321156901622848,0.0236417391084466,0.56712962962963,TRUE,NA,"h1_r3_c3__hrf_nominal__ar_high__isi_sparse__amp_mod","nominal","ar_high","isi_sparse","amp_mod","h1_r3_c3",NA
1,"fmrilss_sbhm",0.0162899205350204,2.74248103197833,-0.975211706182855,0.0298145877457184,0.532407407407407,TRUE,NA,"h1_r3_c3__hrf_nominal__ar_high__isi_sparse__amp_mod","nominal","ar_high","isi_sparse","amp_mod","h1_r3_c3",NA
1,"fmrilss_oasis_best",0.253363682320462,2.56363485510846,-0.358688460133485,0.0329421185442001,0.569444444444444,TRUE,NA,"h1_r3_c3__hrf_nominal__ar_high__isi_sparse__amp_mod","nominal","ar_high","isi_sparse","amp_mod","h1_r3_c3","fmrilss_oasis[fractional|x=0.05|b=0.05]"
1,"st_default",0.248623226720281,0.946200248288662,-0.963659514505264,0.0235232059137616,0.592592592592593,TRUE,NA,"h2_r1_c1__hrf_lag2_widen1p5__ar_iid__isi_dense__amp_none","lag2_widen1p5","ar_iid","isi_dense","amp_none","h2_r1_c1",NA
1,"fmrilss_lss",0.258935655593052,2.49495105561272,-0.289623341565122,0.0233228253528644,0.581018518518518,TRUE,NA,"h2_r1_c1__hrf_lag2_widen1p5__ar_iid__isi_dense__amp_none","lag2_widen1p5","ar_iid","isi_dense","amp_none","h2_r1_c1",NA
1,"fmrilss_sbhm",0.216554323716762,2.92502851722499,-0.319929597323041,0.0492013857898715,0.569444444444444,TRUE,NA,"h2_r1_c1__hrf_lag2_widen1p5__ar_iid__isi_dense__amp_none","lag2_widen1p5","ar_iid","isi_dense","amp_none","h2_r1_c1",NA
1,"fmrilss_oasis_best",0.0921435736700285,3.05231135161378,-0.664199277475327,0.0326264277084431,0.539351851851852,TRUE,NA,"h2_r1_c1__hrf_lag2_widen1p5__ar_iid__isi_dense__amp_none","lag2_widen1p5","ar_iid","isi_dense","amp_none","h2_r1_c1","fmrilss_oasis[fractional|x=0.05|b=0.05]"
1,"st_default",0.309717414490216,1.07842260294748,-0.961918750212213,0.0121882688841862,0.601851851851852,TRUE,NA,"h2_r1_c2__hrf_lag2_widen1p5__ar_iid__isi_mid__amp_mod","lag2_widen1p5","ar_iid","isi_mid","amp_mod","h2_r1_c2",NA
1,"fmrilss_lss",0.320950795599971,2.87271032879738,-0.111713191870493,0.0623479954653865,0.587962962962963,TRUE,NA,"h2_r1_c2__hrf_lag2_widen1p5__ar_iid__isi_mid__amp_mod","lag2_widen1p5","ar_iid","isi_mid","amp_mod","h2_r1_c2",NA
1,"fmrilss_sbhm",0.319937908022946,2.7304927525498,-0.136832880390303,0.0268930872141419,0.576388888888889,TRUE,NA,"h2_r1_c2__hrf_lag2_widen1p5__ar_iid__isi_mid__amp_mod","lag2_widen1p5","ar_iid","isi_mid","amp_mod","h2_r1_c2",NA
1,"fmrilss_oasis_best",0.228459063618512,3.02209642802619,-0.345669709111407,0.0732182145954049,0.56712962962963,TRUE,NA,"h2_r1_c2__hrf_lag2_widen1p5__ar_iid__isi_mid__amp_mod","lag2_widen1p5","ar_iid","isi_mid","amp_mod","h2_r1_c2","fmrilss_oasis[absolute|x=0.05|b=0.05]"
1,"st_default",0.498593529923449,0.898849769512505,-0.670691884333754,0.0109558611183456,0.636574074074074,TRUE,NA,"h2_r1_c3__hrf_lag2_widen1p5__ar_iid__isi_sparse__amp_high","lag2_widen1p5","ar_iid","isi_sparse","amp_high","h2_r1_c3",NA
1,"fmrilss_lss",0.470496892527128,1.99325621532018,0.0615832856686245,-0.116003279660207,0.62962962962963,TRUE,NA,"h2_r1_c3__hrf_lag2_widen1p5__ar_iid__isi_sparse__amp_high","lag2_widen1p5","ar_iid","isi_sparse","amp_high","h2_r1_c3",NA
1,"fmrilss_sbhm",0.392463834448792,3.19311994476985,-0.138847696213484,-0.00621470914939619,0.622685185185185,TRUE,NA,"h2_r1_c3__hrf_lag2_widen1p5__ar_iid__isi_sparse__amp_high","lag2_widen1p5","ar_iid","isi_sparse","amp_high","h2_r1_c3",NA
1,"fmrilss_oasis_best",0.472142595076943,1.87834128344673,0.0049044412392951,-0.105458929184376,0.627314814814815,TRUE,NA,"h2_r1_c3__hrf_lag2_widen1p5__ar_iid__isi_sparse__amp_high","lag2_widen1p5","ar_iid","isi_sparse","amp_high","h2_r1_c3","fmrilss_oasis[fractional|x=0.05|b=0.05]"
1,"st_default",0.244655788290835,1.06500359012582,-0.979886243651993,0.0125833309053408,0.576388888888889,TRUE,NA,"h2_r2_c1__hrf_lag2_widen1p5__ar_mod__isi_dense__amp_mod","lag2_widen1p5","ar_mod","isi_dense","amp_mod","h2_r2_c1",NA
1,"fmrilss_lss",0.208269568867683,3.00506905308983,-0.386063880971976,0.14445399510202,0.597222222222222,TRUE,NA,"h2_r2_c1__hrf_lag2_widen1p5__ar_mod__isi_dense__amp_mod","lag2_widen1p5","ar_mod","isi_dense","amp_mod","h2_r2_c1",NA
1,"fmrilss_sbhm",0.244358340996482,3.29689796249275,-0.261342970830386,0.131560298081409,0.583333333333333,TRUE,NA,"h2_r2_c1__hrf_lag2_widen1p5__ar_mod__isi_dense__amp_mod","lag2_widen1p5","ar_mod","isi_dense","amp_mod","h2_r2_c1",NA
1,"fmrilss_oasis_best",0.168347838037855,3.58598345111473,-0.438314649988671,0.105484383700451,0.576388888888889,TRUE,NA,"h2_r2_c1__hrf_lag2_widen1p5__ar_mod__isi_dense__amp_mod","lag2_widen1p5","ar_mod","isi_dense","amp_mod","h2_r2_c1","fmrilss_oasis[fractional|x=0.05|b=0.05]"
1,"st_default",0.26325572541436,1.25423849078575,-0.963029247190625,-0.00509619650860975,0.581018518518518,TRUE,NA,"h2_r2_c2__hrf_lag2_widen1p5__ar_mod__isi_mid__amp_high","lag2_widen1p5","ar_mod","isi_mid","amp_high","h2_r2_c2",NA
1,"fmrilss_lss",0.261818776521999,3.91642612467506,-0.202426191694581,0.101043119255085,0.56712962962963,TRUE,NA,"h2_r2_c2__hrf_lag2_widen1p5__ar_mod__isi_mid__amp_high","lag2_widen1p5","ar_mod","isi_mid","amp_high","h2_r2_c2",NA
1,"fmrilss_sbhm",0.289991751022265,3.81836075267012,-0.0433591791008106,0.203860918723114,0.592592592592593,TRUE,NA,"h2_r2_c2__hrf_lag2_widen1p5__ar_mod__isi_mid__amp_high","lag2_widen1p5","ar_mod","isi_mid","amp_high","h2_r2_c2",NA
1,"fmrilss_oasis_best",0.189492499836396,3.52403492664692,-0.444069727058749,0.0204959295087325,0.537037037037037,TRUE,NA,"h2_r2_c2__hrf_lag2_widen1p5__ar_mod__isi_mid__amp_high","lag2_widen1p5","ar_mod","isi_mid","amp_high","h2_r2_c2","fmrilss_oasis[fractional|x=0.05|b=0.05]"
1,"st_default",0.223666107685572,1.07001327397328,-0.859336435147583,-0.033392429466124,0.571759259259259,TRUE,NA,"h2_r2_c3__hrf_lag2_widen1p5__ar_mod__isi_sparse__amp_none","lag2_widen1p5","ar_mod","isi_sparse","amp_none","h2_r2_c3",NA
1,"fmrilss_lss",0.273648384647819,2.44170621502678,-0.274650784290262,0.0512600580115965,0.599537037037037,TRUE,NA,"h2_r2_c3__hrf_lag2_widen1p5__ar_mod__isi_sparse__amp_none","lag2_widen1p5","ar_mod","isi_sparse","amp_none","h2_r2_c3",NA
1,"fmrilss_sbhm",0.261572127508948,2.76292871267992,-0.30051356234766,0.0904366248091873,0.599537037037037,TRUE,NA,"h2_r2_c3__hrf_lag2_widen1p5__ar_mod__isi_sparse__amp_none","lag2_widen1p5","ar_mod","isi_sparse","amp_none","h2_r2_c3",NA
1,"fmrilss_oasis_best",0.273639789366616,2.4157980086777,-0.282737829683283,0.0506354429605174,0.599537037037037,TRUE,NA,"h2_r2_c3__hrf_lag2_widen1p5__ar_mod__isi_sparse__amp_none","lag2_widen1p5","ar_mod","isi_sparse","amp_none","h2_r2_c3","fmrilss_oasis[absolute|x=0.01|b=0.01]"
1,"st_default",0.177819755710016,1.04502216610474,-0.975804158795198,-0.00407268000294473,0.553240740740741,TRUE,NA,"h2_r3_c1__hrf_lag2_widen1p5__ar_high__isi_dense__amp_high","lag2_widen1p5","ar_high","isi_dense","amp_high","h2_r3_c1",NA
1,"fmrilss_lss",0.206303087168053,3.10556948116109,-0.388527325651762,-0.0446831845341635,0.546296296296296,TRUE,NA,"h2_r3_c1__hrf_lag2_widen1p5__ar_high__isi_dense__amp_high","lag2_widen1p5","ar_high","isi_dense","amp_high","h2_r3_c1",NA
1,"fmrilss_sbhm",0.221566010536741,3.33545567547045,-0.28997423837377,-0.0233682916139509,0.550925925925926,TRUE,NA,"h2_r3_c1__hrf_lag2_widen1p5__ar_high__isi_dense__amp_high","lag2_widen1p5","ar_high","isi_dense","amp_high","h2_r3_c1",NA
1,"fmrilss_oasis_best",0.166735061850506,3.6247696623755,-0.367333822638511,-0.0563579883654178,0.520833333333333,TRUE,NA,"h2_r3_c1__hrf_lag2_widen1p5__ar_high__isi_dense__amp_high","lag2_widen1p5","ar_high","isi_dense","amp_high","h2_r3_c1","fmrilss_oasis[fractional|x=0.05|b=0.05]"
1,"st_default",0.224240629982717,0.99523100995227,-0.95768747827543,0.0188811714453944,0.571759259259259,TRUE,NA,"h2_r3_c2__hrf_lag2_widen1p5__ar_high__isi_mid__amp_none","lag2_widen1p5","ar_high","isi_mid","amp_none","h2_r3_c2",NA
1,"fmrilss_lss",0.224993672460175,3.1376862934,-0.275960564089865,-0.136100041847604,0.597222222222222,TRUE,NA,"h2_r3_c2__hrf_lag2_widen1p5__ar_high__isi_mid__amp_none","lag2_widen1p5","ar_high","isi_mid","amp_none","h2_r3_c2",NA
1,"fmrilss_sbhm",0.266354114123265,3.314746194388,-0.173018660062379,-0.11350178301169,0.581018518518518,TRUE,NA,"h2_r3_c2__hrf_lag2_widen1p5__ar_high__isi_mid__amp_none","lag2_widen1p5","ar_high","isi_mid","amp_none","h2_r3_c2",NA
1,"fmrilss_oasis_best",0.0794131007974287,3.33948522874904,-0.76331066104778,-0.0377161646734867,0.546296296296296,TRUE,NA,"h2_r3_c2__hrf_lag2_widen1p5__ar_high__isi_mid__amp_none","lag2_widen1p5","ar_high","isi_mid","amp_none","h2_r3_c2","fmrilss_oasis[fractional|x=0.05|b=0.05]"
1,"st_default",0.234131814120935,1.03942898154461,-0.964167127549797,-0.00515343181693945,0.550925925925926,TRUE,NA,"h2_r3_c3__hrf_lag2_widen1p5__ar_high__isi_sparse__amp_mod","lag2_widen1p5","ar_high","isi_sparse","amp_mod","h2_r3_c3",NA
1,"fmrilss_lss",0.254805218035484,2.89743500687723,-0.260772351353182,-0.066849841573644,0.604166666666667,TRUE,NA,"h2_r3_c3__hrf_lag2_widen1p5__ar_high__isi_sparse__amp_mod","lag2_widen1p5","ar_high","isi_sparse","amp_mod","h2_r3_c3",NA
1,"fmrilss_sbhm",0.201900564054017,2.93004768308323,-0.414797504026832,-0.0387526048962362,0.597222222222222,TRUE,NA,"h2_r3_c3__hrf_lag2_widen1p5__ar_high__isi_sparse__amp_mod","lag2_widen1p5","ar_high","isi_sparse","amp_mod","h2_r3_c3",NA
1,"fmrilss_oasis_best",0.114079496154347,2.87758582496268,-0.654870759245827,-0.0198406199651296,0.553240740740741,TRUE,NA,"h2_r3_c3__hrf_lag2_widen1p5__ar_high__isi_sparse__amp_mod","lag2_widen1p5","ar_high","isi_sparse","amp_mod","h2_r3_c3","fmrilss_oasis[absolute|x=0.05|b=0.05]"
2,"st_default",0.348321453453006,1.04752004155282,-0.970304209004688,-0.00923485319565316,0.615740740740741,TRUE,NA,"h1_r1_c1__hrf_nominal__ar_iid__isi_dense__amp_none","nominal","ar_iid","isi_dense","amp_none","h1_r1_c1",NA
2,"fmrilss_lss",0.328416533885723,2.69714849675129,-0.123512574622364,0.00617864817969555,0.643518518518518,TRUE,NA,"h1_r1_c1__hrf_nominal__ar_iid__isi_dense__amp_none","nominal","ar_iid","isi_dense","amp_none","h1_r1_c1",NA
2,"fmrilss_sbhm",0.146987867125935,2.73620660026799,-0.598335570119225,0.0309983966252795,0.594907407407407,TRUE,NA,"h1_r1_c1__hrf_nominal__ar_iid__isi_dense__amp_none","nominal","ar_iid","isi_dense","amp_none","h1_r1_c1",NA
2,"fmrilss_oasis_best",0.271858466985172,3.18015317019753,-0.142950469493413,0.0287833188254791,0.625,TRUE,NA,"h1_r1_c1__hrf_nominal__ar_iid__isi_dense__amp_none","nominal","ar_iid","isi_dense","amp_none","h1_r1_c1","fmrilss_oasis[absolute|x=0.05|b=0.05]"
2,"st_default",0.372472502568785,1.00637533483053,-0.935746153115414,0.0177722622261157,0.631944444444444,TRUE,NA,"h1_r1_c2__hrf_nominal__ar_iid__isi_mid__amp_mod","nominal","ar_iid","isi_mid","amp_mod","h1_r1_c2",NA
2,"fmrilss_lss",0.355955592362931,2.4860978119,-0.07856083663771,-0.00678632219549366,0.613425925925926,TRUE,NA,"h1_r1_c2__hrf_nominal__ar_iid__isi_mid__amp_mod","nominal","ar_iid","isi_mid","amp_mod","h1_r1_c2",NA
2,"fmrilss_sbhm",0.266681005172832,2.58037843875239,-0.228538406225724,0.0095405526232308,0.606481481481482,TRUE,NA,"h1_r1_c2__hrf_nominal__ar_iid__isi_mid__amp_mod","nominal","ar_iid","isi_mid","amp_mod","h1_r1_c2",NA
2,"fmrilss_oasis_best",0.356364406839699,2.33972826200042,-0.132270366637071,-0.0057739117979668,0.613425925925926,TRUE,NA,"h1_r1_c2__hrf_nominal__ar_iid__isi_mid__amp_mod","nominal","ar_iid","isi_mid","amp_mod","h1_r1_c2","fmrilss_oasis[absolute|x=0.05|b=0.01]"
2,"st_default",0.398903181753023,1.00016172948603,-0.89075068686956,-0.0251177964781228,0.625,TRUE,NA,"h1_r1_c3__hrf_nominal__ar_iid__isi_sparse__amp_high","nominal","ar_iid","isi_sparse","amp_high","h1_r1_c3",NA
2,"fmrilss_lss",0.367483875317763,2.13879419640456,-0.216861045012522,-0.0734446966488026,0.625,TRUE,NA,"h1_r1_c3__hrf_nominal__ar_iid__isi_sparse__amp_high","nominal","ar_iid","isi_sparse","amp_high","h1_r1_c3",NA
2,"fmrilss_sbhm",0.203582881686332,2.65732287154687,-0.486701092471954,-0.0576962877519627,0.534722222222222,TRUE,NA,"h1_r1_c3__hrf_nominal__ar_iid__isi_sparse__amp_high","nominal","ar_iid","isi_sparse","amp_high","h1_r1_c3",NA
2,"fmrilss_oasis_best",0.368179897616314,2.02280873096205,-0.260655296713766,-0.0806794774720351,0.62962962962963,TRUE,NA,"h1_r1_c3__hrf_nominal__ar_iid__isi_sparse__amp_high","nominal","ar_iid","isi_sparse","amp_high","h1_r1_c3","fmrilss_oasis[fractional|x=0.05|b=0.05]"
2,"st_default",0.283589597123402,0.929781638881652,-0.960757749434459,0.00849237844286102,0.606481481481482,TRUE,NA,"h1_r2_c1__hrf_nominal__ar_mod__isi_dense__amp_mod","nominal","ar_mod","isi_dense","amp_mod","h1_r2_c1",NA
2,"fmrilss_lss",0.297053020403676,3.19322247729804,0.0337724620982882,0.020897656736336,0.611111111111111,TRUE,NA,"h1_r2_c1__hrf_nominal__ar_mod__isi_dense__amp_mod","nominal","ar_mod","isi_dense","amp_mod","h1_r2_c1",NA
2,"fmrilss_sbhm",0.16111726830723,3.15893034117141,-0.362909019166708,0.0396623214000409,0.560185185185185,TRUE,NA,"h1_r2_c1__hrf_nominal__ar_mod__isi_dense__amp_mod","nominal","ar_mod","isi_dense","amp_mod","h1_r2_c1",NA
2,"fmrilss_oasis_best",0.138535910434685,3.54964439176317,-0.543125481324447,-0.00151467653838421,0.539351851851852,TRUE,NA,"h1_r2_c1__hrf_nominal__ar_mod__isi_dense__amp_mod","nominal","ar_mod","isi_dense","amp_mod","h1_r2_c1","fmrilss_oasis[fractional|x=0.05|b=0.05]"
2,"st_default",0.470246326157679,1.13226042227979,-0.91006173317085,0.0209207861345644,0.592592592592593,TRUE,NA,"h1_r2_c2__hrf_nominal__ar_mod__isi_mid__amp_high","nominal","ar_mod","isi_mid","amp_high","h1_r2_c2",NA
2,"fmrilss_lss",0.404277309696761,3.00577890861763,0.117707898643974,0.22851802427603,0.585648148148148,TRUE,NA,"h1_r2_c2__hrf_nominal__ar_mod__isi_mid__amp_high","nominal","ar_mod","isi_mid","amp_high","h1_r2_c2",NA
2,"fmrilss_sbhm",0.280505355689441,2.74648562239208,-0.329646152326579,0.161406270679233,0.594907407407407,TRUE,NA,"h1_r2_c2__hrf_nominal__ar_mod__isi_mid__amp_high","nominal","ar_mod","isi_mid","amp_high","h1_r2_c2",NA
2,"fmrilss_oasis_best",0.193390250978219,2.90643615169802,-0.503762931722212,0.174092452257034,0.553240740740741,TRUE,NA,"h1_r2_c2__hrf_nominal__ar_mod__isi_mid__amp_high","nominal","ar_mod","isi_mid","amp_high","h1_r2_c2","fmrilss_oasis[absolute|x=0.05|b=0.05]"
2,"st_default",0.425750008711185,0.936886303768829,-0.714666784283142,0.00879948101887069,0.641203703703704,TRUE,NA,"h1_r2_c3__hrf_nominal__ar_mod__isi_sparse__amp_none","nominal","ar_mod","isi_sparse","amp_none","h1_r2_c3",NA
2,"fmrilss_lss",0.39100026134371,2.22983861215991,-0.0141299155063302,0.000981852974329354,0.625,TRUE,NA,"h1_r2_c3__hrf_nominal__ar_mod__isi_sparse__amp_none","nominal","ar_mod","isi_sparse","amp_none","h1_r2_c3",NA
2,"fmrilss_sbhm",0.24335635189184,2.01414803884266,-0.478431012886549,0.0248091928337348,0.583333333333333,TRUE,NA,"h1_r2_c3__hrf_nominal__ar_mod__isi_sparse__amp_none","nominal","ar_mod","isi_sparse","amp_none","h1_r2_c3",NA
2,"fmrilss_oasis_best",0.391774973646032,2.10398492313634,-0.0689076256546833,0.00552441226614609,0.622685185185185,TRUE,NA,"h1_r2_c3__hrf_nominal__ar_mod__isi_sparse__amp_none","nominal","ar_mod","isi_sparse","amp_none","h1_r2_c3","fmrilss_oasis[fractional|x=0.05|b=0.05]"
2,"st_default",0.279940566180202,1.24822155233862,-0.952892119354817,-0.00246946681229741,0.583333333333333,TRUE,NA,"h1_r3_c1__hrf_nominal__ar_high__isi_dense__amp_high","nominal","ar_high","isi_dense","amp_high","h1_r3_c1",NA
2,"fmrilss_lss",0.270372557259825,3.2554766371829,-0.213777147067663,0.0656293411838456,0.587962962962963,TRUE,NA,"h1_r3_c1__hrf_nominal__ar_high__isi_dense__amp_high","nominal","ar_high","isi_dense","amp_high","h1_r3_c1",NA
2,"fmrilss_sbhm",0.0628500139701191,3.58586026756927,-0.827264010502694,0.0526799875289725,0.502314814814815,TRUE,NA,"h1_r3_c1__hrf_nominal__ar_high__isi_dense__amp_high","nominal","ar_high","isi_dense","amp_high","h1_r3_c1",NA
2,"fmrilss_oasis_best",0.184150365014568,4.09063510594941,-0.440277046192473,0.0134100533795198,0.578703703703704,TRUE,NA,"h1_r3_c1__hrf_nominal__ar_high__isi_dense__amp_high","nominal","ar_high","isi_dense","amp_high","h1_r3_c1","fmrilss_oasis[fractional|x=0.05|b=0.05]"
2,"st_default",0.291468432765664,0.945844978412006,-0.968084606044798,-0.00280599403530431,0.592592592592593,TRUE,NA,"h1_r3_c2__hrf_nominal__ar_high__isi_mid__amp_none","nominal","ar_high","isi_mid","amp_none","h1_r3_c2",NA
2,"fmrilss_lss",0.258606568026085,3.00439902659561,-0.171378981055112,0.0495294069425731,0.581018518518518,TRUE,NA,"h1_r3_c2__hrf_nominal__ar_high__isi_mid__amp_none","nominal","ar_high","isi_mid","amp_none","h1_r3_c2",NA
2,"fmrilss_sbhm",0.0818898052533301,2.9813851745391,-0.715724507281368,0.0220419492781343,0.534722222222222,TRUE,NA,"h1_r3_c2__hrf_nominal__ar_high__isi_mid__amp_none","nominal","ar_high","isi_mid","amp_none","h1_r3_c2",NA
2,"fmrilss_oasis_best",0.233139662975024,3.18998785413621,-0.207010980367399,-0.0372627673283503,0.581018518518518,TRUE,NA,"h1_r3_c2__hrf_nominal__ar_high__isi_mid__amp_none","nominal","ar_high","isi_mid","amp_none","h1_r3_c2","fmrilss_oasis[absolute|x=0.05|b=0.05]"
2,"st_default",0.285873909230524,1.049311699929,-0.890583603832641,0.000643823731783698,0.611111111111111,TRUE,NA,"h1_r3_c3__hrf_nominal__ar_high__isi_sparse__amp_mod","nominal","ar_high","isi_sparse","amp_mod","h1_r3_c3",NA
2,"fmrilss_lss",0.22431992865993,2.6298247066303,-0.441494014659428,0.0240442628274906,0.634259259259259,TRUE,NA,"h1_r3_c3__hrf_nominal__ar_high__isi_sparse__amp_mod","nominal","ar_high","isi_sparse","amp_mod","h1_r3_c3",NA
2,"fmrilss_sbhm",0.111294844561122,3.1108978203861,-0.641456433710913,-0.105828151040554,0.539351851851852,TRUE,NA,"h1_r3_c3__hrf_nominal__ar_high__isi_sparse__amp_mod","nominal","ar_high","isi_sparse","amp_mod","h1_r3_c3",NA
2,"fmrilss_oasis_best",0.22521471477084,2.49116748958706,-0.471276202853826,0.0228231637329699,0.625,TRUE,NA,"h1_r3_c3__hrf_nominal__ar_high__isi_sparse__amp_mod","nominal","ar_high","isi_sparse","amp_mod","h1_r3_c3","fmrilss_oasis[fractional|x=0.05|b=0.05]"
2,"st_default",0.225820251312338,0.982038408890717,-0.976153731301783,0.00092220890979311,0.592592592592593,TRUE,NA,"h2_r1_c1__hrf_lag2_widen1p5__ar_iid__isi_dense__amp_none","lag2_widen1p5","ar_iid","isi_dense","amp_none","h2_r1_c1",NA
2,"fmrilss_lss",0.2175669914153,2.49777696234828,-0.396321711667015,-0.0282188211507686,0.55787037037037,TRUE,NA,"h2_r1_c1__hrf_lag2_widen1p5__ar_iid__isi_dense__amp_none","lag2_widen1p5","ar_iid","isi_dense","amp_none","h2_r1_c1",NA
2,"fmrilss_sbhm",0.218688158512224,2.86593464392631,-0.366117840561385,-0.0569163335114325,0.571759259259259,TRUE,NA,"h2_r1_c1__hrf_lag2_widen1p5__ar_iid__isi_dense__amp_none","lag2_widen1p5","ar_iid","isi_dense","amp_none","h2_r1_c1",NA
2,"fmrilss_oasis_best",0.0787162533624151,3.04395353017609,-0.721650809777811,-0.0109833759957138,0.530092592592593,TRUE,NA,"h2_r1_c1__hrf_lag2_widen1p5__ar_iid__isi_dense__amp_none","lag2_widen1p5","ar_iid","isi_dense","amp_none","h2_r1_c1","fmrilss_oasis[absolute|x=0.05|b=0.05]"
2,"st_default",0.378316875255518,0.931448622446056,-0.960845160772132,0.0071260861137749,0.652777777777778,TRUE,NA,"h2_r1_c2__hrf_lag2_widen1p5__ar_iid__isi_mid__amp_mod","lag2_widen1p5","ar_iid","isi_mid","amp_mod","h2_r1_c2",NA
2,"fmrilss_lss",0.375776327864956,2.33050512846417,0.0181403536660586,-0.0635796098233457,0.625,TRUE,NA,"h2_r1_c2__hrf_lag2_widen1p5__ar_iid__isi_mid__amp_mod","lag2_widen1p5","ar_iid","isi_mid","amp_mod","h2_r1_c2",NA
2,"fmrilss_sbhm",0.379695174354223,2.15161494178091,-0.0215669225421129,-0.106866494969598,0.615740740740741,TRUE,NA,"h2_r1_c2__hrf_lag2_widen1p5__ar_iid__isi_mid__amp_mod","lag2_widen1p5","ar_iid","isi_mid","amp_mod","h2_r1_c2",NA
2,"fmrilss_oasis_best",0.235919740099106,2.56976195663979,-0.34825061417828,-0.0357735498647903,0.581018518518518,TRUE,NA,"h2_r1_c2__hrf_lag2_widen1p5__ar_iid__isi_mid__amp_mod","lag2_widen1p5","ar_iid","isi_mid","amp_mod","h2_r1_c2","fmrilss_oasis[absolute|x=0.05|b=0.05]"
2,"st_default",0.402885036227373,1.27190423098246,-0.767021405263548,0.0448710603240622,0.601851851851852,TRUE,NA,"h2_r1_c3__hrf_lag2_widen1p5__ar_iid__isi_sparse__amp_high","lag2_widen1p5","ar_iid","isi_sparse","amp_high","h2_r1_c3",NA
2,"fmrilss_lss",0.392190318922155,2.35904392664569,-0.265994110080826,0.0138206596722585,0.581018518518518,TRUE,NA,"h2_r1_c3__hrf_lag2_widen1p5__ar_iid__isi_sparse__amp_high","lag2_widen1p5","ar_iid","isi_sparse","amp_high","h2_r1_c3",NA
2,"fmrilss_sbhm",0.404027063713777,2.6889999228425,-0.261391238265533,0.0485348873418965,0.608796296296296,TRUE,NA,"h2_r1_c3__hrf_lag2_widen1p5__ar_iid__isi_sparse__amp_high","lag2_widen1p5","ar_iid","isi_sparse","amp_high","h2_r1_c3",NA
2,"fmrilss_oasis_best",0.393143293748033,2.2422819782699,-0.304276835714592,0.016284212539373,0.581018518518518,TRUE,NA,"h2_r1_c3__hrf_lag2_widen1p5__ar_iid__isi_sparse__amp_high","lag2_widen1p5","ar_iid","isi_sparse","amp_high","h2_r1_c3","fmrilss_oasis[fractional|x=0.05|b=0.05]"
2,"st_default",0.28542946865492,1.08421104037335,-0.965051109392695,-0.00425064085739944,0.594907407407407,TRUE,NA,"h2_r2_c1__hrf_lag2_widen1p5__ar_mod__isi_dense__amp_mod","lag2_widen1p5","ar_mod","isi_dense","amp_mod","h2_r2_c1",NA
2,"fmrilss_lss",0.273763469174227,3.42765686171837,-0.105696779578131,0.0547998640793632,0.578703703703704,TRUE,NA,"h2_r2_c1__hrf_lag2_widen1p5__ar_mod__isi_dense__amp_mod","lag2_widen1p5","ar_mod","isi_dense","amp_mod","h2_r2_c1",NA
2,"fmrilss_sbhm",0.299285920837252,3.66704531774028,-0.067779002096957,-0.0602359066976712,0.601851851851852,TRUE,NA,"h2_r2_c1__hrf_lag2_widen1p5__ar_mod__isi_dense__amp_mod","lag2_widen1p5","ar_mod","isi_dense","amp_mod","h2_r2_c1",NA
2,"fmrilss_oasis_best",0.170925916472156,3.73815348462884,-0.407246079470533,-0.0313425808500294,0.5625,TRUE,NA,"h2_r2_c1__hrf_lag2_widen1p5__ar_mod__isi_dense__amp_mod","lag2_widen1p5","ar_mod","isi_dense","amp_mod","h2_r2_c1","fmrilss_oasis[absolute|x=0.05|b=0.01]"
2,"st_default",0.289550675237098,1.38479563010611,-0.95602036465062,-0.0375855830469164,0.578703703703704,TRUE,NA,"h2_r2_c2__hrf_lag2_widen1p5__ar_mod__isi_mid__amp_high","lag2_widen1p5","ar_mod","isi_mid","amp_high","h2_r2_c2",NA
2,"fmrilss_lss",0.280533538513797,3.60793028131594,-0.204870263375603,0.140513451437981,0.553240740740741,TRUE,NA,"h2_r2_c2__hrf_lag2_widen1p5__ar_mod__isi_mid__amp_high","lag2_widen1p5","ar_mod","isi_mid","amp_high","h2_r2_c2",NA
2,"fmrilss_sbhm",0.298768248075221,3.3403635829114,-0.24429003222291,0.1248169096951,0.555555555555556,TRUE,NA,"h2_r2_c2__hrf_lag2_widen1p5__ar_mod__isi_mid__amp_high","lag2_widen1p5","ar_mod","isi_mid","amp_high","h2_r2_c2",NA
2,"fmrilss_oasis_best",0.200278462753912,3.20572269463324,-0.515124247606554,0.0111070970979904,0.560185185185185,TRUE,NA,"h2_r2_c2__hrf_lag2_widen1p5__ar_mod__isi_mid__amp_high","lag2_widen1p5","ar_mod","isi_mid","amp_high","h2_r2_c2","fmrilss_oasis[fractional|x=0.05|b=0.05]"
2,"st_default",0.239111929085582,0.968493591301205,-0.877688577229148,0.0228670252720597,0.601851851851852,TRUE,NA,"h2_r2_c3__hrf_lag2_widen1p5__ar_mod__isi_sparse__amp_none","lag2_widen1p5","ar_mod","isi_sparse","amp_none","h2_r2_c3",NA
2,"fmrilss_lss",0.258824347728504,2.07288349074273,-0.418509002585626,0.0617764144010398,0.613425925925926,TRUE,NA,"h2_r2_c3__hrf_lag2_widen1p5__ar_mod__isi_sparse__amp_none","lag2_widen1p5","ar_mod","isi_sparse","amp_none","h2_r2_c3",NA
2,"fmrilss_sbhm",0.205144306797186,2.78194145752855,-0.536265288178708,0.134069561899991,0.576388888888889,TRUE,NA,"h2_r2_c3__hrf_lag2_widen1p5__ar_mod__isi_sparse__amp_none","lag2_widen1p5","ar_mod","isi_sparse","amp_none","h2_r2_c3",NA
2,"fmrilss_oasis_best",0.258927133371068,2.04860712484998,-0.426086678940214,0.0631237301452554,0.613425925925926,TRUE,NA,"h2_r2_c3__hrf_lag2_widen1p5__ar_mod__isi_sparse__amp_none","lag2_widen1p5","ar_mod","isi_sparse","amp_none","h2_r2_c3","fmrilss_oasis[fractional|x=0.01|b=0.05]"
2,"st_default",0.195671740432035,1.28885275140446,-0.969433585360682,0.0172773652382191,0.555555555555556,TRUE,NA,"h2_r3_c1__hrf_lag2_widen1p5__ar_high__isi_dense__amp_high","lag2_widen1p5","ar_high","isi_dense","amp_high","h2_r3_c1",NA
2,"fmrilss_lss",0.229538093507137,4.08874734382962,-0.255583729206181,0.0247403737697114,0.527777777777778,TRUE,NA,"h2_r3_c1__hrf_lag2_widen1p5__ar_high__isi_dense__amp_high","lag2_widen1p5","ar_high","isi_dense","amp_high","h2_r3_c1",NA
2,"fmrilss_sbhm",0.200362473122468,4.38684391381476,-0.328405384633028,0.0576370855707265,0.537037037037037,TRUE,NA,"h2_r3_c1__hrf_lag2_widen1p5__ar_high__isi_dense__amp_high","lag2_widen1p5","ar_high","isi_dense","amp_high","h2_r3_c1",NA
2,"fmrilss_oasis_best",0.00800268377400092,4.34341456228512,-0.956357086827287,0.0728873474482602,0.513888888888889,TRUE,NA,"h2_r3_c1__hrf_lag2_widen1p5__ar_high__isi_dense__amp_high","lag2_widen1p5","ar_high","isi_dense","amp_high","h2_r3_c1","fmrilss_oasis[absolute|x=0.05|b=0.01]"
2,"st_default",0.287781621765814,0.95866003187084,-0.967762839413355,0.00553495782332512,0.581018518518518,TRUE,NA,"h2_r3_c2__hrf_lag2_widen1p5__ar_high__isi_mid__amp_none","lag2_widen1p5","ar_high","isi_mid","amp_none","h2_r3_c2",NA
2,"fmrilss_lss",0.290803517732457,3.24233440934326,0.000234357000906372,-0.190696341870163,0.615740740740741,TRUE,NA,"h2_r3_c2__hrf_lag2_widen1p5__ar_high__isi_mid__amp_none","lag2_widen1p5","ar_high","isi_mid","amp_none","h2_r3_c2",NA
2,"fmrilss_sbhm",0.257022377790156,3.47774555520524,-0.0184613909050215,-0.251852023455232,0.604166666666667,TRUE,NA,"h2_r3_c2__hrf_lag2_widen1p5__ar_high__isi_mid__amp_none","lag2_widen1p5","ar_high","isi_mid","amp_none","h2_r3_c2",NA
2,"fmrilss_oasis_best",0.200909363489691,3.01713672413599,-0.370148093543944,-0.0863273472013027,0.541666666666667,TRUE,NA,"h2_r3_c2__hrf_lag2_widen1p5__ar_high__isi_mid__amp_none","lag2_widen1p5","ar_high","isi_mid","amp_none","h2_r3_c2","fmrilss_oasis[absolute|x=0.05|b=0.01]"
2,"st_default",0.3102113892751,1.08541327877538,-0.946378744269925,-0.00145242445058436,0.594907407407407,TRUE,NA,"h2_r3_c3__hrf_lag2_widen1p5__ar_high__isi_sparse__amp_mod","lag2_widen1p5","ar_high","isi_sparse","amp_mod","h2_r3_c3",NA
2,"fmrilss_lss",0.29715299718719,3.16539568218048,-0.132679965639013,0.0254138190291653,0.601851851851852,TRUE,NA,"h2_r3_c3__hrf_lag2_widen1p5__ar_high__isi_sparse__amp_mod","lag2_widen1p5","ar_high","isi_sparse","amp_mod","h2_r3_c3",NA
2,"fmrilss_sbhm",0.26803384739599,3.2279579145909,-0.227136910110695,0.0651203263162009,0.606481481481482,TRUE,NA,"h2_r3_c3__hrf_lag2_widen1p5__ar_high__isi_sparse__amp_mod","lag2_widen1p5","ar_high","isi_sparse","amp_mod","h2_r3_c3",NA
2,"fmrilss_oasis_best",0.188713464718819,2.86435761100161,-0.501674624675426,0.043055481250802,0.546296296296296,TRUE,NA,"h2_r3_c3__hrf_lag2_widen1p5__ar_high__isi_sparse__amp_mod","lag2_widen1p5","ar_high","isi_sparse","amp_mod","h2_r3_c3","fmrilss_oasis[absolute|x=0.05|b=0.01]"
